academic_year_or_version,program,branch,year,semester,course_code,course_title,course_type,credits,source_page,source_section
A.Y. 2023-24,B. Tech.,Computer Science and Engineering,F.Y.,Semester - I,PH-23001,Engineering Physics,BSC,3.0,197,COEP CSE Curriculum (Page 197)
A.Y. 2023-24,B. Tech.,Computer Science and Engineering,F.Y.,Semester - I,MA-23002,Linear Algebra,BSC,3.0,197,COEP CSE Curriculum (Page 197)
A.Y. 2023-24,B. Tech.,Computer Science and Engineering,F.Y.,Semester - I,AS-23001,Biology for Engineers,BSC,2.0,197,COEP CSE Curriculum (Page 197)
A.Y. 2023-24,B. Tech.,Computer Science and Engineering,F.Y.,Semester - I,EE-23001,Basic Electrical Engineering,ESC,3.0,197,COEP CSE Curriculum (Page 197)
A.Y. 2023-24,B. Tech.,Computer Science and Engineering,F.Y.,Semester - I,CTS-24002,Basic Electronics,ESC,3.0,197,COEP CSE Curriculum (Page 197)
A.Y. 2023-24,B. Tech.,Computer Science and Engineering,F.Y.,Semester - I,CTS-24001,Introduction to Computer Programming,ESC,2.0,197,COEP CSE Curriculum (Page 197)
A.Y. 2023-24,B. Tech.,Computer Science and Engineering,F.Y.,Semester - I,HS-23002,Communication Skills,HSMC,2.0,197,COEP CSE Curriculum (Page 197)
A.Y. 2023-24,B. Tech.,Computer Science and Engineering,F.Y.,Semester - I,AS-23002,Indian Knowledge System,HSMC,1.0,197,COEP CSE Curriculum (Page 197)
A.Y. 2023-24,B. Tech.,Computer Science and Engineering,F.Y.,Semester - I,AS-23003,Physical Education / Sports,CCA,1.0,197,COEP CSE Curriculum (Page 197)
A.Y. 2023-24,B. Tech.,Computer Science and Engineering,F.Y.,Semester - II,MA-23005,Probability and Statistics,BSC,3.0,197,COEP CSE Curriculum (Page 197)
A.Y. 2023-24,B. Tech.,Computer Science and Engineering,F.Y.,Semester - II,PH-23002,Quantum Physics,BSC,3.0,197,COEP CSE Curriculum (Page 197)
A.Y. 2023-24,B. Tech.,Computer Science and Engineering,F.Y.,Semester - II,CTS-24003,Digital Logic Design,ESC,4.0,197,COEP CSE Curriculum (Page 197)
A.Y. 2023-24,B. Tech.,Computer Science and Engineering,F.Y.,Semester - II,ME-23001,Engineering Graphics and Computer Drawing,ESC,3.0,197,COEP CSE Curriculum (Page 197)
A.Y. 2023-24,B. Tech.,Computer Science and Engineering,F.Y.,Semester - II,CTS-24004,Discrete Structures,PCC,4.0,197,COEP CSE Curriculum (Page 197)
A.Y. 2023-24,B. Tech.,Computer Science and Engineering,F.Y.,Semester - II,CTS-24005,Computer Programming Practice,VSEC,1.0,197,COEP CSE Curriculum (Page 197)
A.Y. 2023-24,B. Tech.,Computer Science and Engineering,F.Y.,Semester - II,HS-23001,Professional Ethics,HSMC,1.0,197,COEP CSE Curriculum (Page 197)
A.Y. 2023-24,B. Tech.,Computer Science and Engineering,F.Y.,Semester - II,AS-23004,Liberal Learning - 1,CCA,1.0,197,COEP CSE Curriculum (Page 197)
A.Y. 2024-25,B. Tech.,Computer Science and Engineering,S.Y.,Semester - III,CTS-24008,Microprocessors,PCC,4.0,198,COEP CSE Curriculum (Page 198)
A.Y. 2024-25,B. Tech.,Computer Science and Engineering,S.Y.,Semester - III,CTS-24007,Principles of Programming Languages,PCC,3.0,198,COEP CSE Curriculum (Page 198)
A.Y. 2024-25,B. Tech.,Computer Science and Engineering,S.Y.,Semester - III,CTS-24006,Data Structures and Algorithms,PCC,4.0,198,COEP CSE Curriculum (Page 198)
A.Y. 2024-25,B. Tech.,Computer Science and Engineering,S.Y.,Semester - III,AS-24002,Environmental Studies,VEC,1.0,198,COEP CSE Curriculum (Page 198)
A.Y. 2024-25,B. Tech.,Computer Science and Engineering,S.Y.,Semester - III,HS-24001,Entrepreneurship,HSMC,1.0,198,COEP CSE Curriculum (Page 198)
A.Y. 2024-25,B. Tech.,Computer Science and Engineering,S.Y.,Semester - III,AS-24004,Liberal Learning - 2,CCA,1.0,198,COEP CSE Curriculum (Page 198)
A.Y. 2024-25,B. Tech.,Computer Science and Engineering,S.Y.,Semester - III,CTS-24013,Minor-1 (AI/ML or Quantum or Systems),MDM,3.0,198,COEP CSE Curriculum (Page 198)
A.Y. 2024-25,B. Tech.,Computer Science and Engineering,S.Y.,Semester - III,HS-24007,Design Thinking,HSMC,1.0,200,COEP CSE Curriculum (Page 200)
A.Y. 2024-25,B. Tech.,Computer Science and Engineering,S.Y.,Semester - IV,CTS-24010,Object Oriented Programming and Design,PCC,4.0,198,COEP CSE Curriculum (Page 198)
A.Y. 2024-25,B. Tech.,Computer Science and Engineering,S.Y.,Semester - IV,CTS-24009,Computer Organization,PCC,3.0,198,COEP CSE Curriculum (Page 198)
A.Y. 2024-25,B. Tech.,Computer Science and Engineering,S.Y.,Semester - IV,CTS-24011,Theory of Computation,PCC,4.0,198,COEP CSE Curriculum (Page 198)
A.Y. 2024-25,B. Tech.,Computer Science and Engineering,S.Y.,Semester - IV,CTS-24012,Mini Project,PCC,2.0,198,COEP CSE Curriculum (Page 198)
A.Y. 2024-25,B. Tech.,Computer Science and Engineering,S.Y.,Semester - IV,HS-25005,Economics,HSMC,2.0,198,COEP CSE Curriculum (Page 198)
A.Y. 2024-25,B. Tech.,Computer Science and Engineering,S.Y.,Semester - IV,CTS-25006,Development Tools Laboratory,VSEC,1.0,198,COEP CSE Curriculum (Page 198)
Effective A.Y. 2025-26,B. Tech.,Computer Science and Engineering,T.Y.,Semester - V,CT-25001,Software Engineering,PCC,4.0,202,COEP CSE Curriculum (Page 202)
Effective A.Y. 2025-26,B. Tech.,Computer Science and Engineering,T.Y.,Semester - V,CT-25002,Database Management Systems,PCC,4.0,202,COEP CSE Curriculum (Page 202)
Effective A.Y. 2025-26,B. Tech.,Computer Science and Engineering,T.Y.,Semester - V,CT-25003,Operating Systems,PCC,4.0,202,COEP CSE Curriculum (Page 202)
Effective A.Y. 2025-26,B. Tech.,Computer Science and Engineering,T.Y.,Semester - V,CT-25004-A,Remote Sensing,PEC,4.0,115,COEP CSE Curriculum (Page 115)
Effective A.Y. 2025-26,B. Tech.,Computer Science and Engineering,T.Y.,Semester - V,CT-25004-B,Advanced Data Structures,PEC,4.0,117,COEP CSE Curriculum (Page 117)
Effective A.Y. 2025-26,B. Tech.,Computer Science and Engineering,T.Y.,Semester - V,CT-25004-C,Parallel Computer Architecture and Programming,PEC,4.0,123,COEP CSE Curriculum (Page 123)
Effective A.Y. 2025-26,B. Tech.,Computer Science and Engineering,T.Y.,Semester - VI,CT-25006,Computer Networks,PCC,4.0,202,COEP CSE Curriculum (Page 202)
Effective A.Y. 2025-26,B. Tech.,Computer Science and Engineering,T.Y.,Semester - VI,CT-25007,Design and Analysis of Algorithms,PCC,4.0,202,COEP CSE Curriculum (Page 202)
Effective A.Y. 2025-26,B. Tech.,Computer Science and Engineering,T.Y.,Semester - VI,CT-25008,Artificial Intelligence,PCC,4.0,202,COEP CSE Curriculum (Page 202)
Effective A.Y. 2025-26,B. Tech.,Computer Science and Engineering,T.Y.,Semester - VI,CT-25009,Research Methodology,RM,2.0,202,COEP CSE Curriculum (Page 202)
A.Y. 2024-25,B. Tech.,Computer Science and Engineering,Final Year,Semester - VII,CT-26001,Compiler Construction,PCC,4.0,6,COEP CSE Curriculum (Page 6)
A.Y. 2024-25,B. Tech.,Computer Science and Engineering,Final Year,Semester - VII,CT-26002,Cryptography and Network Security,PCC,4.0,8,COEP CSE Curriculum (Page 8)
A.Y. 2024-25,B. Tech.,Computer Science and Engineering,Final Year,Semester - VII,CT-26003-A,System Administration,PEC,4.0,10,COEP CSE Curriculum (Page 10)
A.Y. 2024-25,B. Tech.,Computer Science and Engineering,Final Year,Semester - VII,CT-26003-B,GPU Computing,PEC,4.0,13,COEP CSE Curriculum (Page 13)
A.Y. 2024-25,B. Tech.,Computer Science and Engineering,Final Year,Semester - VII,CT-26003-C,Internet of Things,PEC,4.0,15,COEP CSE Curriculum (Page 15)
A.Y. 2024-25,B. Tech.,Computer Science and Engineering,Final Year,Semester - VII,CT-26003-D,Deep Learning,PEC,4.0,18,COEP CSE Curriculum (Page 18)
A.Y. 2024-25,B. Tech.,Computer Science and Engineering,Final Year,Semester - VII,CT-26003-E,Parallel Algorithms,PEC,4.0,21,COEP CSE Curriculum (Page 21)
A.Y. 2024-25,B. Tech.,Computer Science and Engineering,Final Year,Semester - VII,CT-26003-F,Multicore Technology,PEC,4.0,23,COEP CSE Curriculum (Page 23)
A.Y. 2024-25,B. Tech.,Computer Science and Engineering,Final Year,Semester - VII,CT-26003-G,Distributed Systems,PEC,4.0,25,COEP CSE Curriculum (Page 25)
A.Y. 2024-25,B. Tech.,Computer Science and Engineering,Final Year,Semester - VII,CT-26003-H,Cyber Security,PEC,4.0,27,COEP CSE Curriculum (Page 27)
A.Y. 2024-25,B. Tech.,Computer Science and Engineering,Final Year,Semester - VII,CT-26003-I,Natural Language Processing,PEC,4.0,29,COEP CSE Curriculum (Page 29)
A.Y. 2024-25,B. Tech.,Computer Science and Engineering,Final Year,Semester - VII,CT-26003-J,Graphics and Multimedia,PEC,4.0,31,COEP CSE Curriculum (Page 31)
A.Y. 2024-25,B. Tech.,Computer Science and Engineering,Final Year,Semester - VII,CT-26003-K,Embedded Systems,PEC,4.0,33,COEP CSE Curriculum (Page 33)
A.Y. 2024-25,B. Tech.,Computer Science and Engineering,Final Year,Semester - VII,CT-26003-L,Storage & Virtualization,PEC,4.0,35,COEP CSE Curriculum (Page 35)
A.Y. 2024-25,B. Tech.,Computer Science and Engineering,Final Year,Semester - VII,CT-26003-M,Computer Forensics and Recovery,PEC,4.0,37,COEP CSE Curriculum (Page 37)
A.Y. 2024-25,B. Tech.,Computer Science and Engineering,Final Year,Semester - VII,CT-26003-N,Generative Artificial Intelligence,PEC,4.0,39,COEP CSE Curriculum (Page 39)
A.Y. 2024-25,B. Tech.,Computer Science and Engineering,Final Year,Semester - VII,CT-26003-O,Software Design Patterns,PEC,4.0,41,COEP CSE Curriculum (Page 41)
A.Y. 2024-25,B. Tech.,Computer Science and Engineering,Final Year,Semester - VII,MDM-04,Large Language Models Theory and Deployment,MDM,3.0,43,COEP CSE Curriculum (Page 43)
A.Y. 2024-25,B. Tech.,Computer Science and Engineering,Final Year,Semester - VIII,MDM-05,Quantum Programming and Project,MDM,3.0,45,COEP CSE Curriculum (Page 45)
A.Y. 2024-25,B. Tech.,Computer Science and Engineering,Final Year,Semester - VIII,MDM-06,Advanced Database Management Systems,MDM,3.0,47,COEP CSE Curriculum (Page 47)
A.Y. 2024-25,B. Tech.,Computer Science and Engineering,S.Y.,Semester - IV,OE-01,Data Analytics,OE,3.0,66,COEP CSE Curriculum (Page 66)
A.Y. 2024-25,B. Tech.,Computer Science and Engineering,S.Y.,Semester - III,MDM-01,"Data Structures, Files and Algorithms",MDM,3.0,81,COEP CSE Curriculum (Page 81)
A.Y. 2024-25,B. Tech.,Computer Science and Engineering,S.Y.,Semester - III,HON-01,Making Sense of Data,HON,3.0,87,COEP CSE Curriculum (Page 87)
A.Y. 2024-25,B. Tech.,Computer Science and Engineering,S.Y.,Semester - IV,HON-02,Big Data Analytics,HON,3.0,89,COEP CSE Curriculum (Page 89)
A.Y. 2024-25,B. Tech.,Computer Science and Engineering,S.Y.,Semester - IV,HON-03,Fundamentals of Information and Coding Theory,HON,3.0,91,COEP CSE Curriculum (Page 91)
A.Y. 2024-25,B. Tech.,Computer Science and Engineering,S.Y.,Semester - IV,HON-04,Ethical Hacking,HON,3.0,93,COEP CSE Curriculum (Page 93)
A.Y. 2024-25,B. Tech.,Computer Science and Engineering,S.Y.,Semester - III,IDP-01,Fundamentals of Software Engineering,IDP,3.0,95,COEP CSE Curriculum (Page 95)
A.Y. 2024-25,B. Tech.,Computer Science and Engineering,S.Y.,Semester - IV,IDP-02,Fundamentals of Programming and Algorithms,IDP,3.0,97,COEP CSE Curriculum (Page 97)
Effective A.Y. 2025-26,B. Tech.,Computer Science and Engineering,T.Y.,Semester - V,OE-02,Fundamentals of Machine Learning,OE,3.0,113,COEP CSE Curriculum (Page 113)
Effective A.Y. 2025-26,B. Tech.,Computer Science and Engineering,T.Y.,Semester - VI,MDM-03,Quantum Computing,MDM,3.0,148,COEP CSE Curriculum (Page 148)
A.Y. 2023-24,B. Tech.,Computer Science and Engineering,F.Y.,Certificate Exit Option,CT-EX-01,Server Side Programming,PEC,4.0,192,COEP CSE Curriculum (Page 192)
A.Y. 2023-24,B. Tech.,Computer Science and Engineering,F.Y.,Certificate Exit Option,CT-EX-02,Client Side Programming,PEC,4.0,193,COEP CSE Curriculum (Page 193)
