college,district,program,academic_year,semester,course,topic,skill,skill_normalized
University of Mumbai,Mumbai,Computer Science Engineering / IT,2025-26,SEMESTER I,MDC401 Multidisciplinary minor 20 20 40 60 2 -- -- 100,then part (b) must be from any other Module randomly selected from,/Add integrity constraints and able to provide security to data.,/Add Integrity Constraints And Able To Provide Security To Data
University of Mumbai,Mumbai,Computer Science Engineering / IT,2025-26,SEMESTER I,MDC401 Multidisciplinary minor 20 20 40 60 2 -- -- 100,Suggested List of experiments  Hours,Database,Database
University of Mumbai,Mumbai,Computer Science Engineering / IT,2025-26,SEMESTER IV,MDL401 Multidisciplinary minor -- 2 -- -- -- 1 1,Unknown,Database,Database
University of Mumbai,Mumbai,Computer Science Engineering / IT,2025-26,SEMESTER IV,MDC401 Multidisciplinary minor 3 -- -- 3 -- -- 3,Unknown,Operating System,Operating System
University of Mumbai,Mumbai,Computer Science Engineering / IT,2025-26,SEMI,MDC401 Multidisciplinary minor 20 20 40 60 2 -- -- 100,then part (b) must be from any other Module randomly selected from,"concept of transaction, concurrency control and recovery techniques","Concept Of Transaction, Concurrency Control And Recovery Techniques"
University of Mumbai,Mumbai,Computer Science Engineering / IT,2025-26,SEMESTER I,MDC401 Multidisciplinary minor 20 20 40 60 2 -- -- 100,Suggested List of experiments  Hours,and Their Applications in Multi -core Systems. Analyze different thread models,And Their Applications In Multi -Core Systems. Analyze Different Thread Models
University of Mumbai,Mumbai,Computer Science Engineering / IT,2025-26,SEMI,MDC401 Multidisciplinary minor 20 20 40 60 2 -- -- 100,randomly selected from all the modules),the complexities of various algorithms.,The Complexities Of Various Algorithms
University of Mumbai,Mumbai,Computer Science Engineering / IT,2025-26,SEMESTER I,MDC401 Multidisciplinary minor 20 20 40 60 2 -- -- 100,Suggested List of experiments  Hours,DML Commands for the specified system 02,Dml Commands For The Specified System 02
University of Mumbai,Mumbai,Computer Science Engineering / IT,2025-26,SEMI,MDC401 Multidisciplinary minor 20 20 40 60 2 -- -- 100,randomly selected from all the modules),CO.6 Analyze different parallel organizations that includes pipelined and parallel processors,Co.6 Analyze Different Parallel Organizations That Includes Pipelined And Parallel Processors
University of Mumbai,Mumbai,Computer Science Engineering / IT,2025-26,SEMESTER IV,MDC401 Multidisciplinary minor 20 20 40 60 2 -- -- 100,Unknown,1. To introduce concepts and fundamentals Matrix algebra for engineering problems,1. To Introduce Concepts And Fundamentals Matrix Algebra For Engineering Problems
University of Mumbai,Mumbai,Computer Science Engineering / IT,2025-26,SEMESTER IV,MDC401 Multidisciplinary minor 20 20 40 60 2 -- -- 100,Unknown,Security,Security
University of Mumbai,Mumbai,Computer Science Engineering / IT,2025-26,SEMI,MDC401 Multidisciplinary minor 20 20 40 60 2 -- -- 100,then part (b) must be from any other Module randomly selected from,"CO5 Understand transaction, concurrency and recovery techniques to analyze","Co5 Understand Transaction, Concurrency And Recovery Techniques To Analyze"
University of Mumbai,Mumbai,Computer Science Engineering / IT,2025-26,SEMESTER I,MDC401 Multidisciplinary minor 20 20 40 60 2 -- -- 100,then part (b) must be from any other Module randomly selected from,SQL,Sql
University of Mumbai,Mumbai,Computer Science Engineering / IT,2025-26,SEMESTER IV,Unknown,Unknown,Operating System,Operating System
University of Mumbai,Mumbai,Computer Science Engineering / IT,2025-26,SEMESTER I,MDC401 Multidisciplinary minor 20 20 40 60 2 -- -- 100,Detailed Content Hours CO,Algorithms,Algorithms
University of Mumbai,Mumbai,Computer Science Engineering / IT,2025-26,SEMESTER I,MDC401 Multidisciplinary minor 20 20 40 60 2 -- -- 100,then part (b) must be from any other Module randomly selected from,synchronization primitives to address process coordination and demonstrate the,Synchronization Primitives To Address Process Coordination And Demonstrate The
University of Mumbai,Mumbai,Computer Science Engineering / IT,2025-26,SEMI,MDC401 Multidisciplinary minor 20 20 40 60 2 -- -- 100,Detailed Content Hours CO,Algorithms,Algorithms
University of Mumbai,Mumbai,Computer Science Engineering / IT,2025-26,SEMESTER I,MDC401 Multidisciplinary minor 20 20 40 60 2 -- -- 100,then part (b) must be from any other Module randomly selected from,Algorithms,Algorithms
University of Mumbai,Mumbai,Computer Science Engineering / IT,2025-26,SEMESTER IV,MDC401 Multidisciplinary minor 20 20 40 60 2 -- -- 100,Unknown,Linear and Non -linear programming problems of optimization and its,Linear And Non -Linear Programming Problems Of Optimization And Its
University of Mumbai,Mumbai,Computer Science Engineering / IT,2025-26,SEMI,MDC401 Multidisciplinary minor 20 20 40 60 2 -- -- 100,then part (b) must be from any other Module randomly selected from,1 To Understand the fundamentals of a database systems,1 To Understand The Fundamentals Of A Database Systems
University of Mumbai,Mumbai,Computer Science Engineering / IT,2025-26,SEMESTER I,MDC401 Multidisciplinary minor 20 20 40 60 2 -- -- 100,Detailed Content Hours LO,"the concepts in JavaScript for interactive Web Development,","The Concepts In Javascript For Interactive Web Development,"
University of Mumbai,Mumbai,Computer Science Engineering / IT,2025-26,SEMESTER IV,MDC401 Multidisciplinary minor 20 20 40 60 2 -- -- 100,Unknown,modular arithmetic for security applications.,Modular Arithmetic For Security Applications
University of Mumbai,Mumbai,Computer Science Engineering / IT,2025-26,SEMESTER I,MDC401 Multidisciplinary minor 20 20 40 60 2 -- -- 100,Detailed Content Hours LO,"and apply the fundamentals of Java Programming and Object-Oriented Programming,","And Apply The Fundamentals Of Java Programming And Object-Oriented Programming,"
University of Mumbai,Mumbai,Computer Science Engineering / IT,2025-26,SEMESTER I,MDC401 Multidisciplinary minor 20 20 40 60 2 -- -- 100,Detailed Content Hours LO,Pattern:  Understanding MVC,Pattern:  Understanding Mvc
University of Mumbai,Mumbai,Computer Science Engineering / IT,2025-26,SEMESTER IV,MDC401 Multidisciplinary minor 20 20 40 60 2 -- -- 100,Unknown,Linear and Non-Linear Programming Problems for optimization of engineering problems.,Linear And Non-Linear Programming Problems For Optimization Of Engineering Problems
University of Mumbai,Mumbai,Computer Science Engineering / IT,2025-26,SEMESTER I,MDC401 Multidisciplinary minor 20 20 40 60 2 -- -- 100,Detailed Content Hours CO,Network,Network
University of Mumbai,Mumbai,Computer Science Engineering / IT,2025-26,SEMESTER I,MDC401 Multidisciplinary minor 20 20 40 60 2 -- -- 100,then part (b) must be from any other Module randomly selected from,triggers and procedures for specific module/task,Triggers And Procedures For Specific Module/Task
University of Mumbai,Mumbai,Computer Science Engineering / IT,2025-26,SEMESTER I,MDC401 Multidisciplinary minor 20 20 40 60 2 -- -- 100,Suggested List of experiments  Hours,Linux,Linux
University of Mumbai,Mumbai,Computer Science Engineering / IT,2025-26,SEMESTER I,MDC401 Multidisciplinary minor 20 20 40 60 2 -- -- 100,Detailed Content Hours CO,"1) Understand the notion of mathematical thinking, mathematical proofs and to apply them in","1) Understand The Notion Of Mathematical Thinking, Mathematical Proofs And To Apply Them In"
University of Mumbai,Mumbai,Computer Science Engineering / IT,2025-26,SEMI,MDC401 Multidisciplinary minor 20 20 40 60 2 -- -- 100,then part (b) must be from any other Module randomly selected from,CO2 Apply mapping rules to construct relational model from data model and,Co2 Apply Mapping Rules To Construct Relational Model From Data Model And
University of Mumbai,Mumbai,Computer Science Engineering / IT,2025-26,SEMESTER I,MDC401 Multidisciplinary minor 20 20 40 60 2 -- -- 100,Detailed Content Hours LO,Python,Python
University of Mumbai,Mumbai,Computer Science Engineering / IT,2025-26,SEMESTER I,MDC401 Multidisciplinary minor 20 20 40 60 2 -- -- 100,then part (b) must be from any other Module randomly selected from,Network,Network
University of Mumbai,Mumbai,Computer Science Engineering / IT,2025-26,SEMESTER I,MDC401 Multidisciplinary minor 20 20 40 60 2 -- -- 100,then part (b) must be from any other Module randomly selected from,Database,Database
University of Mumbai,Mumbai,Computer Science Engineering / IT,2025-26,SEMESTER IV,MDC401 Multidisciplinary minor 20 20 40 60 2 -- -- 100,Unknown,Database,Database
University of Mumbai,Mumbai,Computer Science Engineering / IT,2025-26,SEMI,MDC401 Multidisciplinary minor 20 20 40 60 2 -- -- 100,then part (b) must be from any other Module randomly selected from,CO3 Apply SQL queries for database operations. L3,Co3 Apply Sql Queries For Database Operations. L3
University of Mumbai,Mumbai,Computer Science Engineering / IT,2025-26,SEMESTER I,MDC401 Multidisciplinary minor 20 20 40 60 2 -- -- 100,Detailed Content Hours CO,"4) Apply counting principles, including the Pigeonhole Principle and Inclusion-Exclusion Principle,","4) Apply Counting Principles, Including The Pigeonhole Principle And Inclusion-Exclusion Principle,"
University of Mumbai,Mumbai,Computer Science Engineering / IT,2025-26,SEMESTER IV,MDL401 Multidisciplinary minor -- 2 -- -- -- 1 1,Unknown,Operating System,Operating System
University of Mumbai,Mumbai,Computer Science Engineering / IT,2025-26,SEMI,MDC401 Multidisciplinary minor 20 20 40 60 2 -- -- 100,Detailed Content Hours CO,Network,Network
University of Mumbai,Mumbai,Computer Science Engineering / IT,2025-26,SEMESTER I,MDC401 Multidisciplinary minor 20 20 40 60 2 -- -- 100,Detailed Content Hours CO,3) Apply properties of Function sets in real-life problem-solving domains,3) Apply Properties Of Function Sets In Real-Life Problem-Solving Domains
University of Mumbai,Mumbai,Computer Science Engineering / IT,2025-26,SEMESTER IV,Unknown,Unknown,Database,Database
University of Mumbai,Mumbai,Computer Science Engineering / IT,2025-26,SEMESTER I,MDC401 Multidisciplinary minor 20 20 40 60 2 -- -- 100,Detailed Content Hours LO,"biodiversity levels and conservation strategies, especially in India.","Biodiversity Levels And Conservation Strategies, Especially In India"
University of Mumbai,Mumbai,Computer Science Engineering / IT,2025-26,SEMESTER I,MDC401 Multidisciplinary minor 20 20 40 60 2 -- -- 100,Detailed Content Hours CO,2) Apply properties of Relation sets in real-life problem-solving domains.,2) Apply Properties Of Relation Sets In Real-Life Problem-Solving Domains
University of Mumbai,Mumbai,Computer Science Engineering / IT,2025-26,SEMESTER I,MDC401 Multidisciplinary minor 20 20 40 60 2 -- -- 100,Detailed Content Hours CO,5) Apply algebraic structure for a given mathematical problem.,5) Apply Algebraic Structure For A Given Mathematical Problem
University of Mumbai,Mumbai,Computer Science Engineering / IT,2025-26,SEMESTER I,MDC401 Multidisciplinary minor 20 20 40 60 2 -- -- 100,Suggested List of experiments  Hours,Algorithms,Algorithms
University of Mumbai,Mumbai,Computer Science Engineering / IT,2025-26,SEMESTER I,MDC401 Multidisciplinary minor 20 20 40 60 2 -- -- 100,then part (b) must be from any other Module randomly selected from,concurrent transactions and implement through practical examples,Concurrent Transactions And Implement Through Practical Examples
University of Mumbai,Mumbai,Computer Science Engineering / IT,2025-26,SEMESTER III,Unknown,Unknown,Java,Java
University of Mumbai,Mumbai,Computer Science Engineering / IT,2025-26,SEMI,MDC401 Multidisciplinary minor 20 20 40 60 2 -- -- 100,randomly selected from all the modules),Algorithms,Algorithms
University of Mumbai,Mumbai,Computer Science Engineering / IT,2025-26,SEMESTER I,MDC401 Multidisciplinary minor 20 20 40 60 2 -- -- 100,Detailed Content Hours LO,SQL,Sql
University of Mumbai,Mumbai,Computer Science Engineering / IT,2025-26,SEMESTER I,MDC401 Multidisciplinary minor 20 20 40 60 2 -- -- 100,Suggested List of experiments  Hours,the basics of distributed systems through simple file sharing.,The Basics Of Distributed Systems Through Simple File Sharing
University of Mumbai,Mumbai,Computer Science Engineering / IT,2025-26,SEMESTER I,MDC401 Multidisciplinary minor 20 20 40 60 2 -- -- 100,Detailed Content Hours CO,Database,Database
University of Mumbai,Mumbai,Computer Science Engineering / IT,2025-26,SEMI,MDC401 Multidisciplinary minor 20 20 40 60 2 -- -- 100,then part (b) must be from any other Module randomly selected from,SQL,Sql
University of Mumbai,Mumbai,Computer Science Engineering / IT,2025-26,SEMESTER IV,MDC401 Multidisciplinary minor 3 -- -- 3 -- -- 3,Unknown,Database,Database
University of Mumbai,Mumbai,Computer Science Engineering / IT,2025-26,SEMESTER I,MDC401 Multidisciplinary minor 20 20 40 60 2 -- -- 100,Detailed Content Hours LO,Database,Database
University of Mumbai,Mumbai,Computer Science Engineering / IT,2025-26,SEMESTER I,MDC401 Multidisciplinary minor 20 20 40 60 2 -- -- 100,Detailed Content Hours LO,Java,Java
University of Mumbai,Mumbai,Computer Science Engineering / IT,2025-26,SEMI,MDC401 Multidisciplinary minor 20 20 40 60 2 -- -- 100,then part (b) must be from any other Module randomly selected from,Database,Database
University of Mumbai,Mumbai,Computer Science Engineering / IT,2025-26,SEMI,MDC401 Multidisciplinary minor 20 20 40 60 2 -- -- 100,then part (b) must be from any other Module randomly selected from,"CO4 Analyze and apply normalization techniques to relational database design. L3, L4","Co4 Analyze And Apply Normalization Techniques To Relational Database Design. L3, L4"
University of Mumbai,Mumbai,Computer Science Engineering / IT,2025-26,SEMESTER I,MDC401 Multidisciplinary minor 20 20 40 60 2 -- -- 100,Suggested List of experiments  Hours,Operating System,Operating System
University of Mumbai,Mumbai,Computer Science Engineering / IT,2025-26,SEMI,MDC401 Multidisciplinary minor 20 20 40 60 2 -- -- 100,randomly selected from all the modules),6) Understand and utilize problem classification techniques for problem analysis.,6) Understand And Utilize Problem Classification Techniques For Problem Analysis
University of Mumbai,Mumbai,Computer Science Engineering / IT,2025-26,SEMI,MDC401 Multidisciplinary minor 20 20 40 60 2 -- -- 100,randomly selected from all the modules),worst-case running time of algorithms and understand fundamental algorithmic,Worst-Case Running Time Of Algorithms And Understand Fundamental Algorithmic
University of Mumbai,Mumbai,Computer Science Engineering / IT,2025-26,SEMESTER I,MDC401 Multidisciplinary minor 20 20 40 60 2 -- -- 100,Suggested List of experiments  Hours,Security,Security
University of Mumbai,Mumbai,Computer Science Engineering / IT,2025-26,SEMI,MDC401 Multidisciplinary minor 20 20 40 60 2 -- -- 100,then part (b) must be from any other Module randomly selected from,normalization techniques to normalize the database,Normalization Techniques To Normalize The Database
University of Mumbai,Mumbai,Computer Science Engineering / IT,2025-26,SEMESTER I,MDC401 Multidisciplinary minor 20 20 40 60 2 -- -- 100,Detailed Content Hours LO,"and Illustrate Inheritance and Exception Handling Mechanisms,","And Illustrate Inheritance And Exception Handling Mechanisms,"
University of Mumbai,Mumbai,Computer Science Engineering / IT,2025-26,SEMESTER IV,MDC401 Multidisciplinary minor 20 20 40 60 2 -- -- 100,Unknown,the concepts of eigenvalues and eigenvectors in engineering problems.,The Concepts Of Eigenvalues And Eigenvectors In Engineering Problems
University of Mumbai,Mumbai,Computer Science Engineering / IT,2025-26,SEMESTER I,MDC401 Multidisciplinary minor 20 20 40 60 2 -- -- 100,Suggested List of experiments  Hours,entrepreneurial skills to identify and solve business challenges.,Entrepreneurial Skills To Identify And Solve Business Challenges
University of Mumbai,Mumbai,Computer Science Engineering / IT,2025-26,SEMESTER I,MDC401 Multidisciplinary minor 20 20 40 60 2 -- -- 100,Suggested List of experiments  Hours,Network,Network
University of Mumbai,Mumbai,Computer Science Engineering / IT,2025-26,SEMI,MDC401 Multidisciplinary minor 20 20 40 60 2 -- -- 100,Detailed Content Hours CO,Understanding flow in networks and its,Understanding Flow In Networks And Its
University of Mumbai,Mumbai,Computer Science Engineering / IT,2025-26,SEMESTER I,MDC401 Multidisciplinary minor 20 20 40 60 2 -- -- 100,Suggested List of experiments  Hours,Java,Java
University of Mumbai,Mumbai,Computer Science Engineering / IT,2025-26,SEMESTER I,MDC401 Multidisciplinary minor 20 20 40 60 2 -- -- 100,then part (b) must be from any other Module randomly selected from,the needs of database processing transaction handling,The Needs Of Database Processing Transaction Handling
University of Mumbai,Mumbai,Computer Science Engineering / IT,2025-26,SEMESTER I,MDC401 Multidisciplinary minor 20 20 40 60 2 -- -- 100,Detailed Content Hours LO,significant impact on the environment. Understanding environmental studies is essential for,Significant Impact On The Environment. Understanding Environmental Studies Is Essential For
University of Mumbai,Mumbai,Computer Science Engineering / IT,2025-26,SEMI,MDC401 Multidisciplinary minor 20 20 40 60 2 -- -- 100,then part (b) must be from any other Module randomly selected from,CO6 Understand recent databases. L2,Co6 Understand Recent Databases. L2
University of Mumbai,Mumbai,Computer Science Engineering / IT,2025-26,SEMESTER I,MDC401 Multidisciplinary minor 20 20 40 60 2 -- -- 100,then part (b) must be from any other Module randomly selected from,Linux,Linux
University of Mumbai,Mumbai,Computer Science Engineering / IT,2025-26,SEMESTER IV,MDC401 Multidisciplinary minor 20 20 40 60 2 -- -- 100,Unknown,"the concept of probability distribution to engineering problems, mostly used in varied applications","The Concept Of Probability Distribution To Engineering Problems, Mostly Used In Varied Applications"
University of Mumbai,Mumbai,Computer Science Engineering / IT,2025-26,SEMESTER I,MDC401 Multidisciplinary minor 20 20 40 60 2 -- -- 100,Detailed Content Hours CO,"5) Solve real-world problems using counting principles, recurrence relations.","5) Solve Real-World Problems Using Counting Principles, Recurrence Relations"
University of Mumbai,Mumbai,Computer Science Engineering / IT,2025-26,SEMESTER I,MDC401 Multidisciplinary minor 20 20 40 60 2 -- -- 100,then part (b) must be from any other Module randomly selected from,Operating System,Operating System
University of Mumbai,Mumbai,Computer Science Engineering / IT,2025-26,SEMESTER IV,MDC401 Multidisciplinary minor 20 20 40 60 2 -- -- 100,Unknown,Operating System,Operating System
University of Mumbai,Mumbai,Computer Science Engineering / IT,2025-26,SEMESTER IV,MDC401 Multidisciplinary minor 20 20 40 60 2 -- -- 100,Unknown,"the concept of Correlation and Regression to the engineering problems in data science, mac hine","The Concept Of Correlation And Regression To The Engineering Problems In Data Science, Mac Hine"
University of Mumbai,Mumbai,Computer Science Engineering / IT,2025-26,SEMESTER I,MDC401 Multidisciplinary minor 20 20 40 60 2 -- -- 100,Detailed Content Hours CO,6) Apply graph theory in solving computing problems.,6) Apply Graph Theory In Solving Computing Problems
University of Mumbai,Mumbai,Computer Science Engineering / IT,2025-26,SEMESTER I,MDC401 Multidisciplinary minor 20 20 40 60 2 -- -- 100,then part (b) must be from any other Module randomly selected from,Security,Security
University of Mumbai,Mumbai,Computer Science Engineering / IT,2025-26,SEMI,MDC401 Multidisciplinary minor 20 20 40 60 2 -- -- 100,Detailed Content Hours CO,String Matching algorithms for pattern searching,String Matching Algorithms For Pattern Searching
University of Mumbai,Mumbai,Computer Science Engineering / IT,2025-26,SEMESTER I,MDC401 Multidisciplinary minor 20 20 40 60 2 -- -- 100,Detailed Content Hours LO,"the concepts of inheritance and exceptions in java,","The Concepts Of Inheritance And Exceptions In Java,"
University of Mumbai,Mumbai,Computer Science Engineering / IT,2025-26,SEMI,MDC401 Multidisciplinary minor 20 20 40 60 2 -- -- 100,then part (b) must be from any other Module randomly selected from,CO1 Understand concepts of DBMS and design ER/EER diagram for real world,Co1 Understand Concepts Of Dbms And Design Er/Eer Diagram For Real World
University of Mumbai,Mumbai,Computer Science Engineering / IT,2025-26,SEMESTER I,MDC401 Multidisciplinary minor 20 20 40 60 2 -- -- 100,Suggested List of experiments  Hours,Knowledge and skill to solve societal problems in a group.,Knowledge And Skill To Solve Societal Problems In A Group
University of Mumbai,Mumbai,Computer Science Engineering / IT,2025-26,SEMESTER I,MDC401 Multidisciplinary minor 20 20 40 60 2 -- -- 100,then part (b) must be from any other Module randomly selected from,memory allocation and management functions of Operating System.,Memory Allocation And Management Functions Of Operating System
University of Mumbai,Mumbai,Computer Science Engineering / IT,2025-26,SEMESTER I,MDC401 Multidisciplinary minor 20 20 40 60 2 -- -- 100,Suggested List of experiments  Hours,the fundamental concepts of entrepreneurship and business models.,The Fundamental Concepts Of Entrepreneurship And Business Models
University of Mumbai,Mumbai,Computer Science Engineering / IT,2025-26,SEMESTER I,MDC401 Multidisciplinary minor 20 20 40 60 2 -- -- 100,then part (b) must be from any other Module randomly selected from,the use of Structured Query Language (SQL) and learn SQL syntax.,The Use Of Structured Query Language (Sql) And Learn Sql Syntax
Nashik University,Nashik,Computer Science Engineering / IT,2025-26,Unknown,Unknown,V Corrosion Science,"CO4 Solve problems on AC-DC circuits, work, power and energy using","Co4 Solve Problems On Ac-Dc Circuits, Work, Power And Energy Using"
Nashik University,Nashik,Computer Science Engineering / IT,2025-26,Unknown,Unknown,II Measurement and,b. Introduction to Welding Shop: Overview of Welding Shop and its applications. Understanding,B. Introduction To Welding Shop: Overview Of Welding Shop And Its Applications. Understanding
Nashik University,Nashik,Computer Science Engineering / IT,2025-26,SEMI,Unknown,V Development of Lateral Surfaces of Solids and,2-Understand,2-Understand
Nashik University,Nashik,Computer Science Engineering / IT,2025-26,Unknown,Unknown,V Introduction to Probability and Counting (07hrs+,2- Understand,2- Understand
Nashik University,Nashik,Computer Science Engineering / IT,2025-26,Unknown,Unknown,V Corrosion Science,4-Analyze,4-Analyze
Nashik University,Nashik,Computer Science Engineering / IT,2025-26,SEMI,Unknown,No. 5 (10 Questions - 10 Marks),2. R2: Understanding of experiment (10 Marks),2. R2: Understanding Of Experiment (10 Marks)
Nashik University,Nashik,Computer Science Engineering / IT,2025-26,SEMI,Unknown,V Text Processing and Pattern matching 06 hrs COs Mapped –CO5,CO3 Identify and elaborate the applications of IKS in engineering domain 3-Apply,Co3 Identify And Elaborate The Applications Of Iks In Engineering Domain 3-Apply
Nashik University,Nashik,Computer Science Engineering / IT,2025-26,SEMI,Unknown,No. 5 (10 Questions - 10 Marks),problems. 3-Apply,Problems. 3-Apply
Nashik University,Nashik,Computer Science Engineering / IT,2025-26,Unknown,Unknown,Unknown,4 -Analyze,4 -Analyze
Nashik University,Nashik,Computer Science Engineering / IT,2025-26,Unknown,Unknown,V Introduction to Probability and Counting (07hrs+,3-Apply,3-Apply
Nashik University,Nashik,Computer Science Engineering / IT,2025-26,SEMI,Unknown,V Functions (03Hrs)  COs Mapped - CO5,CO3 Function effectively as a team to accomplish a desired goal.  3-Apply,Co3 Function Effectively As A Team To Accomplish A Desired Goal.  3-Apply
Nashik University,Nashik,Computer Science Engineering / IT,2025-26,SEMI,Unknown,V Energy and Environment,3-Apply,3-Apply
Nashik University,Nashik,Computer Science Engineering / IT,2025-26,SEMI,Unknown,V                Web Publishing or Hosting 06Hrs COs mapped – CO5,advanced features of PHP language like sessions and cookiesfor web development,Advanced Features Of Php Language Like Sessions And Cookiesfor Web Development
Nashik University,Nashik,Computer Science Engineering / IT,2025-26,Unknown,Unknown,V Electrical Machines (8hrs) COs mapped -,CO2 Apply fundamentals of „C‟ programming and Conditional,Co2 Apply Fundamentals Of „C‟ Programming And Conditional
Nashik University,Nashik,Computer Science Engineering / IT,2025-26,SEMI,Unknown,V Functions (03Hrs)  COs Mapped - CO5,Operating System,Operating System
Nashik University,Nashik,Computer Science Engineering / IT,2025-26,SEMI,Unknown,"ary building, Temple architecture",Python,Python
Nashik University,Nashik,Computer Science Engineering / IT,2025-26,Unknown,Unknown,V Multiple  Integrals and their Applications 7hrs+2hrsTutorial COs Mapped -,"definite integration using Numerical Methods. CO1, CO3 ,","Definite Integration Using Numerical Methods. Co1, Co3 ,"
Nashik University,Nashik,Computer Science Engineering / IT,2025-26,SEMI,Unknown,No. 5 (10 Questions - 10 Marks),CO3 Draw projections of 2D and 3D objects. 3-Apply,Co3 Draw Projections Of 2D And 3D Objects. 3-Apply
Nashik University,Nashik,Computer Science Engineering / IT,2025-26,Unknown,Unknown,V Corrosion Science,3-Apply,3-Apply
Nashik University,Nashik,Computer Science Engineering / IT,2025-26,SEMI,Unknown,"ary building, Temple architecture",CO3 Develop a python program using arrays and strings  3-Apply,Co3 Develop A Python Program Using Arrays And Strings  3-Apply
Nashik University,Nashik,Computer Science Engineering / IT,2025-26,SEMI,Unknown,V Functions (03Hrs)  COs Mapped - CO5,"1. R. G. Dromey, “How to Solve it by Compu ter”, Pearson Education India , ISBN -13: 978 -","1. R. G. Dromey, “How To Solve It By Compu Ter”, Pearson Education India , Isbn -13: 978 -"
Nashik University,Nashik,Computer Science Engineering / IT,2025-26,Unknown,Unknown,Unknown,"CO2 Solve problems on linear algebra, partial derivatives and probability.  3- Apply","Co2 Solve Problems On Linear Algebra, Partial Derivatives And Probability.  3- Apply"
Nashik University,Nashik,Computer Science Engineering / IT,2025-26,SEMI,Unknown,V PHP Databases 06Hrs COs Mapped – CO5,Database,Database
Nashik University,Nashik,Computer Science Engineering / IT,2025-26,Unknown,Unknown,Unknown,3- Apply,3- Apply
Nashik University,Nashik,Computer Science Engineering / IT,2025-26,Unknown,Unknown,Unknown,"Matrices and system of linear Equations, linear and orthogonal","Matrices And System Of Linear Equations, Linear And Orthogonal"
Nashik University,Nashik,Computer Science Engineering / IT,2025-26,Unknown,Unknown,Unknown,Python,Python
Nashik University,Nashik,Computer Science Engineering / IT,2025-26,Unknown,Unknown,"V Workshop Projects, Problem-",4- Analyze,4- Analyze
Nashik University,Nashik,Computer Science Engineering / IT,2025-26,SEMI,Unknown,I Basics of Python Programming (03Hrs)  COs Mapped - CO1,Python,Python
Nashik University,Nashik,Computer Science Engineering / IT,2025-26,Unknown,Unknown,V Introduction to Probability and Counting (07hrs+,4-Analyze,4-Analyze
Nashik University,Nashik,Computer Science Engineering / IT,2025-26,SEMI,Unknown,IV Mutable and immutable data structures (03Hrs)  COs Mapped - CO4,Data Structures,Data Structures
Nashik University,Nashik,Computer Science Engineering / IT,2025-26,Unknown,Unknown,V Structure  02 hrs COs Mapped –CO5,CO4 Fabricatethesimplemechanicalparts 3-Apply,Co4 Fabricatethesimplemechanicalparts 3-Apply
Nashik University,Nashik,Computer Science Engineering / IT,2025-26,SEMI,Unknown,V PHP Databases 06Hrs COs Mapped – CO5,"R2- Understanding of assignment (10) Full marks for accurate flowchart, algorithm / pseudo -code","R2- Understanding Of Assignment (10) Full Marks For Accurate Flowchart, Algorithm / Pseudo -Code"
Nashik University,Nashik,Computer Science Engineering / IT,2025-26,Unknown,Unknown,V Electrical Machines (8hrs) COs mapped -,CO4 Use functions in developing programs 3-Apply,Co4 Use Functions In Developing Programs 3-Apply
Nashik University,Nashik,Computer Science Engineering / IT,2025-26,Unknown,Unknown,Unknown,Partial Differentiation.,Partial Differentiation
Nashik University,Nashik,Computer Science Engineering / IT,2025-26,SEMI,Unknown,V Multiple  Integrals and their Applications 7hrs+2hrsTutorial COs Mapped -,"CO2 Classify advanced materials, refracting crystals and solar cell 2-Understand","Co2 Classify Advanced Materials, Refracting Crystals And Solar Cell 2-Understand"
Nashik University,Nashik,Computer Science Engineering / IT,2025-26,SEMI,Unknown,V Development of Lateral Surfaces of Solids and,R2- Understanding of assignment (10 Marks),R2- Understanding Of Assignment (10 Marks)
Nashik University,Nashik,Computer Science Engineering / IT,2025-26,Unknown,Unknown,"V Workshop Projects, Problem-",a. IntroductiontoWorkshopProjects:Planningandexecutingworkshopprojects.Understandingproj,A. Introductiontoworkshopprojects:Planningandexecutingworkshopprojects.Understandingproj
Nashik University,Nashik,Computer Science Engineering / IT,2025-26,Unknown,Unknown,V Corrosion Science,2-Understand,2-Understand
Nashik University,Nashik,Computer Science Engineering / IT,2025-26,Unknown,Unknown,"V Workshop Projects, Problem-",2- Understanding,2- Understanding
Nashik University,Nashik,Computer Science Engineering / IT,2025-26,Unknown,Unknown,"V Workshop Projects, Problem-",first order first degree differential equations.,First Order First Degree Differential Equations
Nashik University,Nashik,Computer Science Engineering / IT,2025-26,Unknown,Unknown,"V Workshop Projects, Problem-","CO5 Analyze the solution of differential equations, numerical","Co5 Analyze The Solution Of Differential Equations, Numerical"
Nashik University,Nashik,Computer Science Engineering / IT,2025-26,Unknown,Unknown,V Structure  02 hrs COs Mapped –CO5,3-Apply,3-Apply
Nashik University,Nashik,Computer Science Engineering / IT,2025-26,SEMI,Unknown,No. 5 (10 Questions - 10 Marks),CO4 Apply manual and computerized graphical tools to solve practical,Co4 Apply Manual And Computerized Graphical Tools To Solve Practical
Nashik University,Nashik,Computer Science Engineering / IT,2025-26,Unknown,Unknown,Unknown,"CO3 Apply concepts of linear algebra, differential calculus and probability","Co3 Apply Concepts Of Linear Algebra, Differential Calculus And Probability"
Nashik University,Nashik,Computer Science Engineering / IT,2025-26,SEMI,Unknown,V Development of Lateral Surfaces of Solids and,CO3 Develop a step by step strategy for solving a problem 3-Apply,Co3 Develop A Step By Step Strategy For Solving A Problem 3-Apply
Nashik University,Nashik,Computer Science Engineering / IT,2025-26,Unknown,Unknown,"V Workshop Projects, Problem-",CO2 Solve problems on differential equations and multiple integrals.   3- Apply,Co2 Solve Problems On Differential Equations And Multiple Integrals.   3- Apply
Nashik University,Nashik,Computer Science Engineering / IT,2025-26,Unknown,Unknown,Unknown,CO4 Use computational tools for solving mathematical problems.  3- Apply,Co4 Use Computational Tools For Solving Mathematical Problems.  3- Apply
Nashik University,Nashik,Computer Science Engineering / IT,2025-26,Unknown,Unknown,V Electrical Machines (8hrs) COs mapped -,CO5 Develop programs using a structure 3-Apply,Co5 Develop Programs Using A Structure 3-Apply
Nashik University,Nashik,Computer Science Engineering / IT,2025-26,SEMI,Unknown,V Multiple  Integrals and their Applications 7hrs+2hrsTutorial COs Mapped -,"devices, conductivity,efficiency of solar and wind power unit. 3-Apply","Devices, Conductivity,Efficiency Of Solar And Wind Power Unit. 3-Apply"
Nashik University,Nashik,Computer Science Engineering / IT,2025-26,SEMI,Unknown,V Functions (03Hrs)  COs Mapped - CO5,"Level 4, Analyze","Level 4, Analyze"
Nashik University,Nashik,Computer Science Engineering / IT,2025-26,Unknown,Unknown,"V Workshop Projects, Problem-",2-Understand,2-Understand
Nashik University,Nashik,Computer Science Engineering / IT,2025-26,SEMI,Unknown,V                Web Publishing or Hosting 06Hrs COs mapped – CO5,"R2- Understanding of assignment (10) Full marks for accurate flowchart, algorithm / pseudo -code","R2- Understanding Of Assignment (10) Full Marks For Accurate Flowchart, Algorithm / Pseudo -Code"
Nashik University,Nashik,Computer Science Engineering / IT,2025-26,Unknown,Unknown,V Structure  02 hrs COs Mapped –CO5,"CO3 Applythe basicknowledgeofShop FloorSafety,Machinetools and","Co3 Applythe Basicknowledgeofshop Floorsafety,Machinetools And"
Nashik University,Nashik,Computer Science Engineering / IT,2025-26,SEMI,Unknown,V Text Processing and Pattern matching 06 hrs COs Mapped –CO5,CO1 Understand the term „Indian Knowledge System ‟ it‟s framework,Co1 Understand The Term „Indian Knowledge System ‟ It‟S Framework
Nashik University,Nashik,Computer Science Engineering / IT,2025-26,Unknown,Unknown,V Structure  02 hrs COs Mapped –CO5,2-Understand,2-Understand
Nashik University,Nashik,Computer Science Engineering / IT,2025-26,SEMI,Unknown,V Development of Lateral Surfaces of Solids and,CO4 Apply searching and sorting approaches  3-Apply,Co4 Apply Searching And Sorting Approaches  3-Apply
Nashik University,Nashik,Computer Science Engineering / IT,2025-26,Unknown,Unknown,"V Workshop Projects, Problem-",3- Apply,3- Apply
Nashik University,Nashik,Computer Science Engineering / IT,2025-26,SEMI,Unknown,V PHP Databases 06Hrs COs Mapped – CO5,Linux,Linux
Nashik University,Nashik,Computer Science Engineering / IT,2025-26,Unknown,Unknown,V Structure  02 hrs COs Mapped –CO5,CO2 Practice professional etiquette and present oneself confidently. 3-Apply,Co2 Practice Professional Etiquette And Present Oneself Confidently. 3-Apply
Nashik University,Nashik,Computer Science Engineering / IT,2025-26,Unknown,Unknown,V Electrical Machines (8hrs) COs mapped -,3-Apply,3-Apply
Nashik University,Nashik,Computer Science Engineering / IT,2025-26,Unknown,Unknown,"V Workshop Projects, Problem-",CO3 Perform Yoga and play different sports of his own development. 3. Apply,Co3 Perform Yoga And Play Different Sports Of His Own Development. 3. Apply
Nashik University,Nashik,Computer Science Engineering / IT,2025-26,Unknown,Unknown,Unknown,"Jacobians, Maxima and Minima, errors and Approximations.","Jacobians, Maxima And Minima, Errors And Approximations"
Nashik University,Nashik,Computer Science Engineering / IT,2025-26,Unknown,Unknown,Unknown,Eigen values and Eigen Vectors.,Eigen Values And Eigen Vectors
Nashik University,Nashik,Computer Science Engineering / IT,2025-26,Unknown,Unknown,II Measurement and,UnderstandingtheMillingMachineanditsoperations.PracticalapplicationsofLatheandMillingMachinein,Understandingthemillingmachineanditsoperations.Practicalapplicationsoflatheandmillingmachinein
Nashik University,Nashik,Computer Science Engineering / IT,2025-26,Unknown,Unknown,V Structure  02 hrs COs Mapped –CO5,Database,Database
Nashik University,Nashik,Computer Science Engineering / IT,2025-26,SEMI,Unknown,V Development of Lateral Surfaces of Solids and,CO5 Solve the problem by identifying repeated patterns 3- Apply,Co5 Solve The Problem By Identifying Repeated Patterns 3- Apply
Nashik University,Nashik,Computer Science Engineering / IT,2025-26,Unknown,Unknown,V Structure  02 hrs COs Mapped –CO5,"R2- Understanding of assignment (10) Full marks for accurate flowchart, algorithm / pseudo -code","R2- Understanding Of Assignment (10) Full Marks For Accurate Flowchart, Algorithm / Pseudo -Code"
Nashik University,Nashik,Computer Science Engineering / IT,2025-26,SEMI,Unknown,V Text Processing and Pattern matching 06 hrs COs Mapped –CO5,CO2 Appreciate the measurement techniques and mathematics in IKS 2-Understand,Co2 Appreciate The Measurement Techniques And Mathematics In Iks 2-Understand
Nashik University,Nashik,Computer Science Engineering / IT,2025-26,SEMI,Unknown,V Multiple  Integrals and their Applications 7hrs+2hrsTutorial COs Mapped -,waves   2-Understand,Waves   2-Understand
Nashik University,Nashik,Computer Science Engineering / IT,2025-26,SEMI,Unknown,V                Web Publishing or Hosting 06Hrs COs mapped – CO5, Understand basic programming used in PHP, Understand Basic Programming Used In Php
Nashik University,Nashik,Computer Science Engineering / IT,2025-26,Unknown,Unknown,II Measurement and,b. Introduction to CNC Machine Tools: Understanding CNC (Computer Numerical Control),B. Introduction To Cnc Machine Tools: Understanding Cnc (Computer Numerical Control)
Nashik University,Nashik,Computer Science Engineering / IT,2025-26,Unknown,Unknown,"V Workshop Projects, Problem-",CO4 Use computational tools for solving mathematical problems. 3- Apply,Co4 Use Computational Tools For Solving Mathematical Problems. 3- Apply
Nashik University,Nashik,Computer Science Engineering / IT,2025-26,SEMI,Unknown,V Functions (03Hrs)  COs Mapped - CO5,"Level 3, Apply","Level 3, Apply"
Nashik University,Nashik,Computer Science Engineering / IT,2025-26,SEMI,Unknown,V Functions (03Hrs)  COs Mapped - CO5,CO1 Applyprinciples from several disciplines. 3-Apply,Co1 Applyprinciples From Several Disciplines. 3-Apply
Nashik University,Nashik,Computer Science Engineering / IT,2025-26,Unknown,Unknown,V Introduction to Probability and Counting (07hrs+,"system of equations using Matlab. CO1, CO2,","System Of Equations Using Matlab. Co1, Co2,"
Nashik University,Nashik,Computer Science Engineering / IT,2025-26,Unknown,Unknown,V Electrical Machines (8hrs) COs mapped -,2-Understand,2-Understand
Nashik University,Nashik,Computer Science Engineering / IT,2025-26,Unknown,Unknown,II Measurement and,its role in qualitycontrol.Understandingmeasurementunits andconversions.,Its Role In Qualitycontrol.Understandingmeasurementunits Andconversions
Nashik University,Nashik,Computer Science Engineering / IT,2025-26,SEMI,Unknown,V Energy and Environment,"CO4 Apply the knowledge of number systems, logic gates and Boolean","Co4 Apply The Knowledge Of Number Systems, Logic Gates And Boolean"
Nashik University,Nashik,Computer Science Engineering / IT,2025-26,SEMI,Unknown,V Functions (03Hrs)  COs Mapped - CO5,Linux,Linux
Nashik University,Nashik,Computer Science Engineering / IT,2025-26,SEMI,Unknown,V Energy and Environment,"CO3 Apply the knowledge of semiconductor diodes, transistors and","Co3 Apply The Knowledge Of Semiconductor Diodes, Transistors And"
Nashik University,Nashik,Computer Science Engineering / IT,2025-26,SEMI,Unknown,"ary building, Temple architecture",CO2 Apply control structure and loops to build a solution for a given problem   3-Apply,Co2 Apply Control Structure And Loops To Build A Solution For A Given Problem   3-Apply
Nashik University,Nashik,Computer Science Engineering / IT,2025-26,SEMI,Unknown,"ary building, Temple architecture",CO1 Use the core concepts of python to write a python program  3-Apply,Co1 Use The Core Concepts Of Python To Write A Python Program  3-Apply
Nashik University,Nashik,Computer Science Engineering / IT,2025-26,SEMI,Unknown,V Energy and Environment,2- Understand,2- Understand
Nashik University,Nashik,Computer Science Engineering / IT,2025-26,SEMI,Unknown,V                Web Publishing or Hosting 06Hrs COs mapped – CO5,Database,Database
Nashik University,Nashik,Computer Science Engineering / IT,2025-26,SEMI,Unknown,No. 5 (10 Questions - 10 Marks),CO2 Interpret engineering drawing by visualization. 2-Understand,Co2 Interpret Engineering Drawing By Visualization. 2-Understand
Nashik University,Nashik,Computer Science Engineering / IT,2025-26,Unknown,Unknown,V Multiple  Integrals and their Applications 7hrs+2hrsTutorial COs Mapped -,"ordinary differential equations using Numerical Methods. CO1, CO3 ,","Ordinary Differential Equations Using Numerical Methods. Co1, Co3 ,"
Nashik University,Nashik,Computer Science Engineering / IT,2025-26,Unknown,Unknown,Unknown,2-Understanding,2-Understanding
Nashik University,Nashik,Computer Science Engineering / IT,2025-26,SEMI,Unknown,V Functions (03Hrs)  COs Mapped - CO5,Python,Python
Nashik University,Nashik,Computer Science Engineering / IT,2025-26,Unknown,Unknown,V Introduction to Probability and Counting (07hrs+,"problems on matrices using Matlab. CO1, CO2,","Problems On Matrices Using Matlab. Co1, Co2,"
Nashik University,Nashik,Computer Science Engineering / IT,2025-26,Unknown,Unknown,"V Workshop Projects, Problem-",CO2 Present the knowledge gained by all coo curricular activities. 4- Analyze,Co2 Present The Knowledge Gained By All Coo Curricular Activities. 4- Analyze
Nashik University,Nashik,Computer Science Engineering / IT,2025-26,SEMI,Unknown,V Functions (03Hrs)  COs Mapped - CO5,CO2 Demonstratelong-term retention of knowledge and skills acquired. 3-Apply,Co2 Demonstratelong-Term Retention Of Knowledge And Skills Acquired. 3-Apply
Nashik University,Nashik,Computer Science Engineering / IT,2025-26,SEMI,Unknown,V Energy and Environment,CO5 Analyze the basic analog and digital application circuits. 4-Analyze,Co5 Analyze The Basic Analog And Digital Application Circuits. 4-Analyze
Nashik University,Nashik,Computer Science Engineering / IT,2025-26,SEMI,Unknown,"ary building, Temple architecture",CO5 Develop programs using functions  3-Apply,Co5 Develop Programs Using Functions  3-Apply
Nashik University,Nashik,Computer Science Engineering / IT,2025-26,Unknown,Unknown,Unknown,"CO5 Analyze the nature of quadratic forms, extreme values of the","Co5 Analyze The Nature Of Quadratic Forms, Extreme Values Of The"
Nashik University,Nashik,Computer Science Engineering / IT,2025-26,Unknown,Unknown,"V Workshop Projects, Problem-","CO3 Apply concept of numerical methods, differential and multivariate","Co3 Apply Concept Of Numerical Methods, Differential And Multivariate"
Nashik University,Nashik,Computer Science Engineering / IT,2025-26,SEMI,Unknown,"ary building, Temple architecture",3-Apply,3-Apply
Nashik University,Nashik,Computer Science Engineering / IT,2025-26,SEMI,Unknown,No. 5 (10 Questions - 10 Marks),CO1 Explain the need of engineering drawing and its standards. 2-Understand,Co1 Explain The Need Of Engineering Drawing And Its Standards. 2-Understand
Nashik University,Nashik,Computer Science Engineering / IT,2025-26,SEMI,Unknown,V Development of Lateral Surfaces of Solids and,Algorithms,Algorithms
Nashik University,Nashik,Computer Science Engineering / IT,2025-26,SEMI,Unknown,V Multiple  Integrals and their Applications 7hrs+2hrsTutorial COs Mapped -,and wave equations in real life problems 3-Apply,And Wave Equations In Real Life Problems 3-Apply
Savitribai Phule Pune University,Pune,Computer Science Engineering / IT,2025-26,Unknown,Unknown,Unknown,"6. Social responsibility: Apply reasoning informed by the contextual knowledge to assess social,","6. Social Responsibility: Apply Reasoning Informed By The Contextual Knowledge To Assess Social,"
Savitribai Phule Pune University,Pune,Computer Science Engineering / IT,2025-26,Unknown,Unknown,Unknown,Linux,Linux
Savitribai Phule Pune University,Pune,Computer Science Engineering / IT,2025-26,Unknown,Unknown,Unknown,"problems involving sets, functions, sequences and summation","Problems Involving Sets, Functions, Sequences And Summation"
Savitribai Phule Pune University,Pune,Computer Science Engineering / IT,2025-26,Unknown,Unknown,Unknown,Operating System,Operating System
Savitribai Phule Pune University,Pune,Computer Science Engineering / IT,2025-26,Unknown,Unknown,Unknown,"Understanding users through interviews, personas, empathy maps/affinity","Understanding Users Through Interviews, Personas, Empathy Maps/Affinity"
Savitribai Phule Pune University,Pune,Computer Science Engineering / IT,2025-26,Unknown,Unknown,Unknown,Security,Security
Savitribai Phule Pune University,Pune,Computer Science Engineering / IT,2025-26,Unknown,Unknown,Unknown,"design technique that would be most suitable to solve a given problem, justify the technique","Design Technique That Would Be Most Suitable To Solve A Given Problem, Justify The Technique"
Savitribai Phule Pune University,Pune,Computer Science Engineering / IT,2025-26,Unknown,Unknown,Unknown,visualization libraries in Python like Matplotlib and Seaborn to gain insight of the dataset.,Visualization Libraries In Python Like Matplotlib And Seaborn To Gain Insight Of The Dataset
Savitribai Phule Pune University,Pune,Computer Science Engineering / IT,2025-26,Unknown,Unknown,Unknown,and compare given algorithms for time and space complexity.,And Compare Given Algorithms For Time And Space Complexity
Savitribai Phule Pune University,Pune,Computer Science Engineering / IT,2025-26,Unknown,Unknown,Unknown,"the fundamental concepts of various data structures (e.g., arrays, linked lists,","The Fundamental Concepts Of Various Data Structures (E.G., Arrays, Linked Lists,"
Savitribai Phule Pune University,Pune,Computer Science Engineering / IT,2025-26,Unknown,Unknown,Unknown,different UML diagrams for given problems.,Different Uml Diagrams For Given Problems
Savitribai Phule Pune University,Pune,Computer Science Engineering / IT,2025-26,Unknown,Unknown,Unknown,7. Environment and sustainability: Understand the impact of the professional computer,7. Environment And Sustainability: Understand The Impact Of The Professional Computer
Savitribai Phule Pune University,Pune,Computer Science Engineering / IT,2025-26,Unknown,Unknown,Unknown,Java,Java
Savitribai Phule Pune University,Pune,Computer Science Engineering / IT,2025-26,Unknown,Unknown,Unknown,the structure of OS and basic architectural components involved in OS design.,The Structure Of Os And Basic Architectural Components Involved In Os Design
Savitribai Phule Pune University,Pune,Computer Science Engineering / IT,2025-26,Unknown,Unknown,Unknown,Python,Python
Savitribai Phule Pune University,Pune,Computer Science Engineering / IT,2025-26,Unknown,Unknown,Unknown,the concepts of linear and non-linear data structure and their representation,The Concepts Of Linear And Non-Linear Data Structure And Their Representation
Savitribai Phule Pune University,Pune,Computer Science Engineering / IT,2025-26,Unknown,Unknown,Unknown,principles of relations to solving real life problems.,Principles Of Relations To Solving Real Life Problems
Savitribai Phule Pune University,Pune,Computer Science Engineering / IT,2025-26,Unknown,Unknown,Unknown,"the time complexity of different searching, sorting, and traversal algorithms.","The Time Complexity Of Different Searching, Sorting, And Traversal Algorithms"
Savitribai Phule Pune University,Pune,Computer Science Engineering / IT,2025-26,Unknown,Unknown,Unknown,Data Structures,Data Structures
Savitribai Phule Pune University,Pune,Computer Science Engineering / IT,2025-26,Unknown,Unknown,Unknown,"Performance aspects, Instruction set architecture, and Functional Units.","Performance Aspects, Instruction Set Architecture, And Functional Units"
Savitribai Phule Pune University,Pune,Computer Science Engineering / IT,2025-26,Unknown,Unknown,Unknown,"1. Computer engineering knowledge: Apply the knowledge of mathematics, science, computer","1. Computer Engineering Knowledge: Apply The Knowledge Of Mathematics, Science, Computer"
Savitribai Phule Pune University,Pune,Computer Science Engineering / IT,2025-26,Unknown,Unknown,Unknown,principles of counting and induction to solve real life problems.,Principles Of Counting And Induction To Solve Real Life Problems
Savitribai Phule Pune University,Pune,Computer Science Engineering / IT,2025-26,Unknown,Unknown,Unknown,transformation between multiple representations of automata/machines.,Transformation Between Multiple Representations Of Automata/Machines
Savitribai Phule Pune University,Pune,Computer Science Engineering / IT,2025-26,Unknown,Unknown,Unknown,Algorithms,Algorithms
Savitribai Phule Pune University,Pune,Computer Science Engineering / IT,2025-26,Unknown,Unknown,Unknown,different computer arithmetic principles for implementation of functional units.,Different Computer Arithmetic Principles For Implementation Of Functional Units
Savitribai Phule Pune University,Pune,Computer Science Engineering / IT,2025-26,Unknown,Unknown,Unknown,Algorithmic Problem Solving Platforms:Activity: Solve algorithmic problems on platforms like,Algorithmic Problem Solving Platforms:Activity: Solve Algorithmic Problems On Platforms Like
Savitribai Phule Pune University,Pune,Computer Science Engineering / IT,2025-26,Unknown,Unknown,Unknown,"the memory, file, and resource management techniques.","The Memory, File, And Resource Management Techniques"
Savitribai Phule Pune University,Pune,Computer Science Engineering / IT,2025-26,Unknown,Unknown,Unknown,problems involving algebraic systems.,Problems Involving Algebraic Systems
